{
  "libs\\__init__.py": 1775441343.0733733,
  "libs\\core\\diagnostic_env.py": 1775438887.9488714,
  "libs\\core\\llm_client.py": 1775453739.3265514,
  "libs\\core\\llm_status.py": 1775441343.046029,
  "libs\\core\\logger.py": 1775439848.6221182,
  "libs\\core\\rate_limiter.py": 1775438887.9672134,
  "libs\\core\\schemas.py": 1775438887.9763856,
  "libs\\core\\sync_manager.py": 1775620386.1021397,
  "libs\\core\\test_router.py": 1775438887.9794352,
  "libs\\core\\__init__.py": 1775441343.0733733,
  "libs\\core\\deprecated\\llm_discovery.py": 1775441343.0485537,
  "libs\\mcp\\gemini_mcp.py": 1775620122.339517,
  "res\\code\\smart_irrigation.py": 1775610109.1168194,
  "scripts\\heartbeat.ps1": 1775612835.3165894,
  "scripts\\mcp\\run_mcp.py": 1775487255.2759123,
  "scripts\\setup\\graphify_bootstrap.py": 1775623747.3300984,
  "scripts\\setup\\graphify_setup.ps1": 1775689853.3988702,
  "tools\\__init__.py": 1775490105.6158302,
  "tools\\notebooks\\list_notebooks.py": 1775487255.2759123,
  "tools\\pipeline\\analyze_markdown.py": 1775441569.4300487,
  "tools\\pipeline\\atomic_distiller.py": 1775538308.907045,
  "tools\\pipeline\\batch_distiller.py": 1775490088.495048,
  "tools\\pipeline\\consolidator.py": 1775532068.9561074,
  "tools\\pipeline\\context_distiller.py": 1775623738.4135633,
  "tools\\pipeline\\convert_chat_to_md.py": 1775467115.2795756,
  "tools\\pipeline\\debug_proxy.py": 1775526448.255429,
  "tools\\pipeline\\debug_router_config.py": 1775536460.614034,
  "tools\\pipeline\\decode_activity.py": 1775466352.9381278,
  "tools\\pipeline\\knowledge_sorter.py": 1775520275.269202,
  "tools\\pipeline\\run_pipeline.py": 1775620444.473962,
  "tools\\pipeline\\setup_fonts.py": 1775438888.05572,
  "tools\\pipeline\\smart_splitter.py": 1775528586.4395163,
  "tools\\pipeline\\test_9router_distillation.py": 1775537280.3482447,
  "tools\\pipeline\\__init__.py": 1775490107.6257825,
  "AGENTS.md": 1775689686.773311,
  "CLAUDE.md": 1775627352.6227884,
  "CONTINUITY.md": 1775643038.0504923,
  "progress.md": 1775627394.4199598,
  "README.md": 1775487255.2759123,
  "brain\\optimized_context.md": 1775623664.4967656,
  "brain\\distilled\\AI_Agent_Performance_Optimization.md": 1775637502.5151272,
  "brain\\distilled\\Claude_Code_Full_Course_2026.md": 1775639845.0504632,
  "brain\\distilled\\DevOps_IT_Automation_Wiki.md": 1775631195.1012886,
  "brain\\distilled\\Difficulty_Assessment_SOP.md": 1775635996.0863683,
  "brain\\distilled\\ECC_CodyMaster_Hybrid_Philosophy.md": 1775610339.8160958,
  "brain\\distilled\\Education_AI_Handbook.md": 1775631178.054959,
  "brain\\distilled\\Engineering_Robotics_Master.md": 1775631186.3560646,
  "brain\\distilled\\Lesson_Plan_Templates.md": 1775632065.0619066,
  "brain\\distilled\\Pedagogical_Master_DNA.md": 1775634322.710153,
  "brain\\distilled\\Prompt_Engineering_Master.md": 1775632043.843881,
  "brain\\distilled\\_index.md": 1775608913.8765647,
  "brain\\lessons\\Biology_Epidemiology_G11.md": 1775631239.500337,
  "brain\\lessons\\Building_AI_Brain_G10.md": 1775636038.7210543,
  "brain\\lessons\\Math_Advanced_Geometry_G10.md": 1775631229.5111456,
  "brain\\lessons\\Physics_Electromagnetism_G10.md": 1775631250.38913,
  "docs\\mcp_maintenance.md": 1775605435.8887928,
  "res\\Antigravity_Obsidian_Memory_LOM.md": 1775550601.156604,
  "res\\assessments\\ToT_Irrigation_Rubric.md": 1775610118.9449475,
  "res\\lesson_plans\\ToT_IoT_Smart_Irrigation.md": 1775610071.4694552,
  "res\\lesson_plans\\ToT_Prompt_Engineering_G10.md": 1775625156.2627633,
  "res\\prompts\\Gemini_English_Coach_G10.md": 1775626955.865482,
  "res\\prompts\\Gemini_History_Specialist_G10.md": 1775626972.6828854,
  "res\\prompts\\Gemini_Literature_Tutor_G10.md": 1775626946.675996,
  "res\\prompts\\Gemini_Math_Tutor_G10.md": 1775626569.7410998,
  "res\\prompts\\Gemini_Physics_Tutor_G10.md": 1775626964.3361862,
  "templates\\Daily_Recap_Template.md": 1775550585.195608,
  "templates\\Note_Template.md": 1775518057.5356119,
  "templates\\Wiki_Article_Template.md": 1775550577.8816006,
  "tools\\README.md": 1775316800.966958,
  "tools\\requirements.txt": 1775316370.6265016,
  "tools\\graphify\\help.txt": 1775614592.8989038,
  "tools\\notebooks\\notebooks_list.txt": 1775489865.515594
}